Time [s], Analyzer Name, Decoded Protocol Result
0.062163420000000,Async Serial,b
0.062253018000000,Async Serial,l
0.062342616000000,Async Serial,o
0.062432214000000,Async Serial,c
0.062521810000000,Async Serial,k
